Country Name,Country Code,Series Name,Series Code,1990 [YR1990],1991 [YR1991],1992 [YR1992],1993 [YR1993],1994 [YR1994],1995 [YR1995],1996 [YR1996],1997 [YR1997],1998 [YR1998],1999 [YR1999],2000 [YR2000],2001 [YR2001],2002 [YR2002],2003 [YR2003],2004 [YR2004],2005 [YR2005],2006 [YR2006],2007 [YR2007],2008 [YR2008],2009 [YR2009],2010 [YR2010],2011 [YR2011],2012 [YR2012],2013 [YR2013],2014 [YR2014],2015 [YR2015],2016 [YR2016],2017 [YR2017],2018 [YR2018],2019 [YR2019],2020 [YR2020]
Afghanistan,AFG,"Birth rate, crude (per 1,000 people)",SP.DYN.CBRT.IN,48.88,48.763,48.709,48.717,48.77,48.835,48.87,48.833,48.688,48.419,48.021,47.505,46.901,46.231,45.507,44.723,43.87,42.944,41.949,40.903,39.829,38.75,37.69,36.67,35.706,34.809,33.981,33.211,32.487,31.802,..
Albania,ALB,"Birth rate, crude (per 1,000 people)",SP.DYN.CBRT.IN,24.867,24.245,23.529,22.742,21.902,21.02,20.106,19.173,18.238,17.321,16.436,15.59,14.79,14.048,13.381,12.821,12.398,12.118,11.973,11.945,12.001,12.1,12.197,12.257,12.259,12.197,12.08,11.934,11.78,11.62,..
Algeria,DZA,"Birth rate, crude (per 1,000 people)",SP.DYN.CBRT.IN,32.13,30.774,29.345,27.863,26.361,24.884,23.475,22.187,21.073,20.175,19.554,19.257,19.27,19.557,20.077,20.774,21.582,22.424,23.226,23.932,24.504,24.934,25.246,25.451,25.538,25.481,25.25,24.846,24.282,23.583,..
American Samoa,ASM,"Birth rate, crude (per 1,000 people)",SP.DYN.CBRT.IN,..,..,..,..,..,..,..,..,..,..,..,..,..,..,..,..,21.6,..,..,..,18.7,..,..,..,17.5,..,..,16.6,..,..,..
Andorra,AND,"Birth rate, crude (per 1,000 people)",SP.DYN.CBRT.IN,11.9,11.9,12.1,11.4,10.9,11,10.9,11.2,11.9,12.6,11.3,11.8,11.2,10.3,10.9,10.7,10.6,10.1,10.4,9.9,9.8,..,9.5,..,..,..,8.8,..,7.2,7,..
Angola,AGO,"Birth rate, crude (per 1,000 people)",SP.DYN.CBRT.IN,50.383,50.168,49.919,49.652,49.378,49.113,48.87,48.652,48.46,48.293,48.15,48.027,47.911,47.786,47.639,47.453,47.215,46.92,46.563,46.143,45.656,45.102,44.493,43.847,43.182,42.52,41.882,41.281,40.729,40.232,..
Antigua and Barbuda,ATG,"Birth rate, crude (per 1,000 people)",SP.DYN.CBRT.IN,18.659,18.776,18.938,19.132,19.344,19.555,19.741,19.879,19.95,19.943,19.84,19.635,19.339,18.977,18.566,18.137,17.72,17.341,17.014,16.749,16.547,16.396,16.272,16.152,16.026,15.883,15.717,15.53,15.327,15.107,..
Argentina,ARG,"Birth rate, crude (per 1,000 people)",SP.DYN.CBRT.IN,22.226,22.036,21.802,21.526,21.214,20.881,20.545,20.229,19.945,19.702,19.499,19.328,19.175,19.026,18.879,18.735,18.596,18.469,18.355,18.252,18.154,18.055,17.949,17.831,17.698,17.548,17.383,17.205,17.021,16.833,..
Armenia,ARM,"Birth rate, crude (per 1,000 people)",SP.DYN.CBRT.IN,21.768,20.764,19.627,18.41,17.172,15.991,14.947,14.092,13.457,13.062,12.91,12.98,13.208,13.524,13.884,14.244,14.572,14.855,15.08,15.233,15.304,15.297,15.232,15.125,14.979,14.795,14.568,14.298,13.987,13.646,..
Aruba,ABW,"Birth rate, crude (per 1,000 people)",SP.DYN.CBRT.IN,19.571,19.021,18.446,17.859,17.27,16.691,16.132,15.598,15.09,14.615,14.173,13.762,13.375,13.01,12.667,12.348,12.053,11.788,11.556,11.361,11.214,11.123,11.09,11.111,11.179,11.281,11.404,11.532,11.652,11.756,..
Australia,AUS,"Birth rate, crude (per 1,000 people)",SP.DYN.CBRT.IN,15.4,14.9,15.1,14.7,14.5,14.2,13.9,13.6,13.3,13.1,13,12.7,12.8,12.6,12.3,12.8,12.9,14.1,14,13.9,13.7,13.6,13.7,13.3,13.2,12.9,12.9,12.6,12.6,12.1,..
Austria,AUT,"Birth rate, crude (per 1,000 people)",SP.DYN.CBRT.IN,11.8,12.2,12.2,12,11.6,11.2,11.2,10.5,10.2,9.8,9.8,9.4,9.7,9.5,9.7,9.5,9.4,9.2,9.3,9.2,9.4,9.3,9.4,9.4,9.6,9.8,10,10,9.7,9.6,..
Azerbaijan,AZE,"Birth rate, crude (per 1,000 people)",SP.DYN.CBRT.IN,25.9,26.6,25.2,23.7,21.4,18.9,16.6,16.8,15.7,14.7,14.5,13.6,13.5,13.8,15.8,16.9,17.6,17.7,17.4,17,18.3,19.2,18.8,18.3,17.9,17.2,16.3,14.6,14,14.1,..
"Bahamas, The",BHS,"Birth rate, crude (per 1,000 people)",SP.DYN.CBRT.IN,23.892,23.73,23.52,23.199,22.743,22.131,21.357,20.464,19.507,18.532,17.609,16.811,16.177,15.724,15.451,15.33,15.306,15.307,15.276,15.19,15.045,14.855,14.659,14.485,14.34,14.224,14.131,14.049,13.968,13.882,..
Bahrain,BHR,"Birth rate, crude (per 1,000 people)",SP.DYN.CBRT.IN,29.217,28.276,27.328,26.412,25.553,24.77,24.069,23.431,22.835,22.271,21.722,21.166,20.591,19.996,19.385,18.778,18.203,17.685,17.239,16.863,16.547,16.271,16.005,15.727,15.426,15.096,14.738,14.365,13.99,13.622,..
Bangladesh,BGD,"Birth rate, crude (per 1,000 people)",SP.DYN.CBRT.IN,35.099,34.183,33.299,32.454,31.653,30.897,30.181,29.493,28.821,28.158,27.493,26.818,26.132,25.439,24.742,24.053,23.384,22.747,22.153,21.605,21.107,20.657,20.245,19.862,19.501,19.156,18.824,18.501,18.184,17.868,..
Barbados,BRB,"Birth rate, crude (per 1,000 people)",SP.DYN.CBRT.IN,15.988,15.784,15.574,15.355,15.126,14.896,14.672,14.462,14.27,14.095,13.934,13.78,13.624,13.457,13.274,13.069,12.837,12.581,12.308,12.026,11.748,11.489,11.259,11.067,10.916,10.806,10.732,10.683,10.648,10.621,..
Belarus,BLR,"Birth rate, crude (per 1,000 people)",SP.DYN.CBRT.IN,14,13,12.5,11.5,10.8,9.9,9.4,8.9,9.2,9.3,9.4,9.2,8.9,9,9.1,9.3,9.9,10.7,11.1,11.4,11.4,11.5,12.2,12.5,12.5,12.5,12.4,10.8,9.9,9.3,..
Belgium,BEL,"Birth rate, crude (per 1,000 people)",SP.DYN.CBRT.IN,12.4,12.6,12.4,12,11.5,11.4,11.5,11.4,11.2,11.2,11.4,11.2,10.9,11,11.3,11.4,11.6,11.7,11.9,11.8,11.9,11.7,11.5,11.3,11.2,10.8,10.8,10.5,10.4,10.1,..
Belize,BLZ,"Birth rate, crude (per 1,000 people)",SP.DYN.CBRT.IN,35.862,35.282,34.681,34.061,33.427,32.791,32.168,31.567,30.99,30.431,29.868,29.271,28.62,27.913,27.158,26.386,25.635,24.944,24.339,23.827,23.402,23.044,22.717,22.395,22.067,21.733,21.4,21.081,20.786,20.51,..
Benin,BEN,"Birth rate, crude (per 1,000 people)",SP.DYN.CBRT.IN,46.029,45.745,45.432,45.093,44.733,44.356,43.965,43.564,43.161,42.76,42.371,42.002,41.654,41.326,41.018,40.726,40.445,40.167,39.884,39.59,39.278,38.945,38.591,38.219,37.831,37.432,37.027,36.621,36.221,35.831,..
Bermuda,BMU,"Birth rate, crude (per 1,000 people)",SP.DYN.CBRT.IN,14.6,15.4,15.5,13.7,14.5,13.3,13.9,..,..,..,13.5,13.3,13.2,13.2,13.2,13.1,12.5,13.4,12.8,12.5,11.8,10.4,10,10.4,10.5,9.4,9.6,9.3,8.3,8.3,..
Bhutan,BTN,"Birth rate, crude (per 1,000 people)",SP.DYN.CBRT.IN,38.163,37.126,36.037,34.927,33.81,32.694,31.573,30.441,29.302,28.17,27.066,26.012,25.025,24.113,23.283,22.527,21.83,21.174,20.547,19.949,19.397,18.913,18.514,18.201,17.965,17.783,17.625,17.459,17.259,17.012,..
Bolivia,BOL,"Birth rate, crude (per 1,000 people)",SP.DYN.CBRT.IN,35.336,34.86,34.364,33.859,33.349,32.84,32.334,31.83,31.326,30.823,30.314,29.795,29.263,28.718,28.163,27.604,27.049,26.508,25.985,25.486,25.008,24.548,24.1,23.661,23.233,22.821,22.433,22.076,21.75,21.455,..
Bosnia and Herzegovina,BIH,"Birth rate, crude (per 1,000 people)",SP.DYN.CBRT.IN,14.844,14.416,14.04,13.718,13.445,13.185,12.889,12.523,12.072,11.546,10.983,10.438,9.966,9.608,9.372,9.255,9.23,9.251,9.276,9.284,9.256,9.188,9.087,8.963,8.818,8.655,8.477,8.293,8.111,7.938,..
Botswana,BWA,"Birth rate, crude (per 1,000 people)",SP.DYN.CBRT.IN,34.932,34.116,33.348,32.606,31.894,31.231,30.646,30.159,29.778,29.498,29.302,29.163,29.05,28.935,28.803,28.654,28.498,28.348,28.212,28.079,27.934,27.754,27.524,27.231,26.87,26.44,25.943,25.396,24.821,24.234,..
Brazil,BRA,"Birth rate, crude (per 1,000 people)",SP.DYN.CBRT.IN,24.844,24.245,23.721,23.252,22.826,22.424,22.022,21.601,21.147,20.654,20.119,19.547,18.955,18.363,17.787,17.243,16.747,16.306,15.921,15.595,15.327,15.11,14.93,14.772,14.624,14.472,14.307,14.125,13.924,13.703,..
British Virgin Islands,VGB,"Birth rate, crude (per 1,000 people)",SP.DYN.CBRT.IN,..,..,..,..,..,..,..,..,..,..,..,..,..,..,..,..,..,..,..,..,..,..,..,..,..,..,..,..,..,..,..
Brunei Darussalam,BRN,"Birth rate, crude (per 1,000 people)",SP.DYN.CBRT.IN,29.401,28.997,28.464,27.811,27.055,26.238,25.412,24.625,23.908,23.269,22.679,22.088,21.447,20.738,19.974,19.211,18.527,17.985,17.616,17.412,17.329,17.294,17.221,17.052,16.765,16.365,15.882,15.376,14.896,14.459,..
Bulgaria,BGR,"Birth rate, crude (per 1,000 people)",SP.DYN.CBRT.IN,12.1,11.1,10.4,10,9.4,8.6,8.6,7.7,7.9,8.8,9,8.5,8.5,8.7,9.1,9.3,9.7,10,10.4,10.9,10.2,9.6,9.5,9.2,9.4,9.2,9.1,9,8.9,8.8,..
Burkina Faso,BFA,"Birth rate, crude (per 1,000 people)",SP.DYN.CBRT.IN,47.417,47.296,47.197,47.109,47.026,46.939,46.843,46.732,46.601,46.442,46.253,46.031,45.778,45.495,45.176,44.817,44.407,43.946,43.438,42.89,42.314,41.721,41.127,40.543,39.979,39.437,38.92,38.419,37.93,37.453,..
Burundi,BDI,"Birth rate, crude (per 1,000 people)",SP.DYN.CBRT.IN,49.866,49.136,48.315,47.442,46.555,45.702,44.926,44.251,43.696,43.274,42.993,42.849,42.809,42.836,42.902,42.981,43.053,43.102,43.11,43.057,42.919,42.682,42.35,41.933,41.44,40.883,40.278,39.646,39.008,38.377,..
Cabo Verde,CPV,"Birth rate, crude (per 1,000 people)",SP.DYN.CBRT.IN,40.828,39.848,38.641,37.246,35.717,34.126,32.556,31.076,29.74,28.581,27.608,26.8,26.099,25.46,24.866,24.314,23.813,23.373,22.995,22.667,22.37,22.084,21.792,21.477,21.132,20.754,20.345,19.919,19.49,19.061,..
Cambodia,KHM,"Birth rate, crude (per 1,000 people)",SP.DYN.CBRT.IN,42.358,40.647,38.94,37.251,35.62,34.079,32.643,31.309,30.085,28.989,28.058,27.326,26.793,26.44,26.241,26.147,26.101,26.05,25.947,25.767,25.502,25.166,24.797,24.422,24.048,23.674,23.291,22.889,22.464,22.02,..
Cameroon,CMR,"Birth rate, crude (per 1,000 people)",SP.DYN.CBRT.IN,44.824,44.405,43.968,43.525,43.094,42.691,42.336,42.032,41.779,41.576,41.419,41.298,41.196,41.093,40.975,40.826,40.636,40.402,40.124,39.797,39.42,38.992,38.522,38.02,37.497,36.964,36.429,35.9,35.386,34.891,..
Canada,CAN,"Birth rate, crude (per 1,000 people)",SP.DYN.CBRT.IN,15,14.9,14.7,13.6,13.1,12.6,12,11.6,11.4,11.2,10.7,10.7,10.5,10.6,10.5,10.6,10.9,11.2,11.3,11.3,11.1,11,11,10.8,10.8,10.7,10.6,10.3,10.1,9.9,..
Cayman Islands,CYM,"Birth rate, crude (per 1,000 people)",SP.DYN.CBRT.IN,18.6,18.2,18.1,17.6,17,14.9,16.3,15.9,14.5,15.5,15.4,15,13.7,14.3,15.2,15.7,13.4,13.8,14.2,14.6,14.8,14.5,13.6,12.5,12.5,11,10.8,9.9,9.9,9.8,..
Central African Republic,CAF,"Birth rate, crude (per 1,000 people)",SP.DYN.CBRT.IN,42.004,41.81,41.64,41.509,41.42,41.376,41.369,41.378,41.385,41.378,41.347,41.286,41.194,41.068,40.903,40.692,40.427,40.111,39.749,39.346,38.905,38.431,37.933,37.427,36.927,36.454,36.029,35.66,35.348,35.09,..
Chad,TCD,"Birth rate, crude (per 1,000 people)",SP.DYN.CBRT.IN,50.992,51.133,51.253,51.344,51.399,51.414,51.391,51.333,51.241,51.112,50.941,50.722,50.451,50.127,49.752,49.325,48.848,48.327,47.772,47.194,46.603,46.01,45.42,44.841,44.276,43.73,43.201,42.683,42.172,41.665,..
Channel Islands,CHI,"Birth rate, crude (per 1,000 people)",SP.DYN.CBRT.IN,12.562,12.717,12.861,12.983,13.07,13.096,13.036,12.884,12.647,12.339,11.991,11.645,11.336,11.092,10.923,10.829,10.796,10.791,10.787,10.771,10.73,10.657,10.557,10.438,10.306,10.17,10.044,9.939,9.861,9.811,..
Chile,CHL,"Birth rate, crude (per 1,000 people)",SP.DYN.CBRT.IN,22.286,21.979,21.567,21.06,20.471,19.818,19.124,18.421,17.742,17.112,16.556,16.092,15.713,15.412,15.184,15.021,14.914,14.841,14.78,14.712,14.613,14.463,14.258,14.002,13.7,13.369,13.031,12.711,12.428,12.187,..
China,CHN,"Birth rate, crude (per 1,000 people)",SP.DYN.CBRT.IN,21.06,19.68,18.27,18.09,17.7,17.12,16.98,16.57,15.64,14.64,14.03,13.38,12.86,12.41,12.29,12.4,12.09,12.1,12.14,12.13,11.9,11.93,12.1,12.08,12.37,12.07,12.95,12.43,10.94,10.5,..
Colombia,COL,"Birth rate, crude (per 1,000 people)",SP.DYN.CBRT.IN,27.136,26.844,26.505,26.101,25.628,25.094,24.52,23.935,23.361,22.803,22.256,21.705,21.133,20.535,19.917,19.295,18.69,18.124,17.612,17.162,16.779,16.458,16.186,15.945,15.725,15.515,15.308,15.098,14.882,14.655,..
Comoros,COM,"Birth rate, crude (per 1,000 people)",SP.DYN.CBRT.IN,42.558,41.878,41.208,40.567,39.972,39.435,38.959,38.534,38.151,37.806,37.497,37.221,36.972,36.744,36.527,36.317,36.11,35.904,35.691,35.464,35.209,34.915,34.578,34.199,33.781,33.328,32.852,32.365,31.881,31.407,..
"Congo, Dem. Rep.",COD,"Birth rate, crude (per 1,000 people)",SP.DYN.CBRT.IN,46.082,46.084,46.086,46.086,46.082,46.073,46.06,46.043,46.022,45.996,45.965,45.931,45.892,45.844,45.782,45.702,45.6,45.47,45.307,45.105,44.855,44.549,44.186,43.771,43.309,42.808,42.278,41.732,41.183,40.639,..
"Congo, Rep.",COG,"Birth rate, crude (per 1,000 people)",SP.DYN.CBRT.IN,37.997,37.903,37.873,37.899,37.968,38.069,38.186,38.307,38.416,38.5,38.554,38.575,38.569,38.535,38.469,38.364,38.214,38.017,37.769,37.468,37.109,36.684,36.198,35.663,35.094,34.511,33.933,33.378,32.862,32.397,..
Costa Rica,CRI,"Birth rate, crude (per 1,000 people)",SP.DYN.CBRT.IN,27.394,26.644,25.841,25.014,24.181,23.352,22.527,21.703,20.885,20.088,19.335,18.648,18.038,17.512,17.074,16.72,16.444,16.225,16.041,15.877,15.719,15.554,15.381,15.194,14.989,14.762,14.512,14.246,13.971,13.689,..
Cote d'Ivoire,CIV,"Birth rate, crude (per 1,000 people)",SP.DYN.CBRT.IN,43.224,42.906,42.635,42.404,42.205,42.029,41.864,41.699,41.519,41.315,41.069,40.77,40.419,40.026,39.599,39.159,38.728,38.325,37.965,37.655,37.395,37.18,36.991,36.812,36.63,36.438,36.225,35.993,35.74,35.464,..
Croatia,HRV,"Birth rate, crude (per 1,000 people)",SP.DYN.CBRT.IN,11.6,11.1,10.3,10.6,10.4,10.9,11.8,12.2,10.4,10,9.8,9.2,9,8.9,9.1,9.563,9.33,9.4,9.9,10.1,9.8,9.6,9.8,9.4,9.3,8.9,9,8.9,9,8.9,..
Cuba,CUB,"Birth rate, crude (per 1,000 people)",SP.DYN.CBRT.IN,16.487,15.953,15.426,14.965,14.59,14.302,14.074,13.861,13.628,13.365,13.069,12.743,12.409,12.085,11.784,11.527,11.335,11.21,11.149,11.14,11.16,11.179,11.168,11.108,10.992,10.822,10.611,10.386,10.166,9.962,..
Curacao,CUW,"Birth rate, crude (per 1,000 people)",SP.DYN.CBRT.IN,..,..,..,..,..,..,..,..,..,..,..,..,..,..,..,..,13.6,13.4,13.8,13,13.6,13.1,13.4,12.7,12.6,11.9,11.2,9.7,10.5,10.1,..
Cyprus,CYP,"Birth rate, crude (per 1,000 people)",SP.DYN.CBRT.IN,19.049,18.694,18.259,17.731,17.121,16.446,15.735,15.023,14.347,13.731,13.2,12.765,12.421,12.153,11.957,11.821,11.733,11.674,11.626,11.577,11.517,11.441,11.353,11.255,11.143,11.011,10.852,10.668,10.462,10.24,..
Czech Republic,CZE,"Birth rate, crude (per 1,000 people)",SP.DYN.CBRT.IN,12.6,12.5,11.8,11.7,10.3,9.3,8.8,8.8,8.8,8.7,8.9,8.9,9.1,9.2,9.6,10,10.3,11.1,11.5,11.3,11.2,10.4,10.3,10.2,10.4,10.5,10.7,10.8,10.7,10.5,..
Denmark,DNK,"Birth rate, crude (per 1,000 people)",SP.DYN.CBRT.IN,12.3,12.5,13.1,13,13.4,13.3,12.9,12.8,12.5,12.4,12.6,12.2,11.9,12,12,11.9,12,11.7,11.8,11.4,11.4,10.6,10.4,10,10.1,10.2,10.8,10.6,10.6,10.5,..
Djibouti,DJI,"Birth rate, crude (per 1,000 people)",SP.DYN.CBRT.IN,39.777,39.42,38.873,38.131,37.21,36.164,35.071,34.012,33.048,32.206,31.48,30.836,30.217,29.58,28.917,28.234,27.553,26.903,26.304,25.756,25.255,24.787,24.331,23.871,23.402,22.921,22.432,21.944,21.466,20.998,..
Dominica,DMA,"Birth rate, crude (per 1,000 people)",SP.DYN.CBRT.IN,23,..,24,..,21.6,..,19.1,21.5,16.2,..,..,..,15.4,..,..,..,14.9,..,..,..,13.2,..,..,..,12,..,..,9.6,..,..,..
Dominican Republic,DOM,"Birth rate, crude (per 1,000 people)",SP.DYN.CBRT.IN,29.568,29.162,28.728,28.261,27.762,27.239,26.707,26.184,25.683,25.211,24.771,24.356,23.959,23.572,23.196,22.836,22.496,22.182,21.896,21.636,21.398,21.178,20.969,20.761,20.547,20.32,20.07,19.799,19.506,19.193,..
Ecuador,ECU,"Birth rate, crude (per 1,000 people)",SP.DYN.CBRT.IN,29.912,29.459,29.025,28.611,28.214,27.82,27.413,26.981,26.517,26.022,25.503,24.97,24.441,23.933,23.455,23.019,22.631,22.287,21.982,21.712,21.471,21.253,21.049,20.848,20.645,20.432,20.205,19.968,19.719,19.46,..
"Egypt, Arab Rep.",EGY,"Birth rate, crude (per 1,000 people)",SP.DYN.CBRT.IN,33.249,32.141,31.08,30.11,29.256,28.526,27.903,27.352,26.845,26.381,25.958,25.578,25.258,25.015,24.864,24.849,25.024,25.393,25.93,26.584,27.266,27.871,28.308,28.518,28.475,28.182,27.677,27.05,26.379,25.708,..
El Salvador,SLV,"Birth rate, crude (per 1,000 people)",SP.DYN.CBRT.IN,31.215,30.833,30.441,30.016,29.538,28.982,28.323,27.568,26.734,25.843,24.931,24.04,23.21,22.47,21.835,21.311,20.884,20.525,20.207,19.918,19.654,19.418,19.213,19.036,18.881,18.734,18.587,18.429,18.253,18.054,..
Equatorial Guinea,GNQ,"Birth rate, crude (per 1,000 people)",SP.DYN.CBRT.IN,42.085,41.883,41.723,41.607,41.534,41.494,41.47,41.438,41.378,41.28,41.136,40.947,40.723,40.468,40.182,39.859,39.493,39.082,38.626,38.132,37.604,37.049,36.476,35.899,35.326,34.768,34.234,33.725,33.241,32.783,..
Eritrea,ERI,"Birth rate, crude (per 1,000 people)",SP.DYN.CBRT.IN,41.58,40.315,38.892,37.389,35.892,34.524,33.414,32.634,32.222,32.187,32.518,33.17,34.019,34.936,35.819,36.552,37.038,37.25,37.184,36.84,36.25,35.476,34.616,33.753,32.936,32.191,31.521,30.898,30.302,29.738,..
Estonia,EST,"Birth rate, crude (per 1,000 people)",SP.DYN.CBRT.IN,14.2,12.4,11.8,10.2,9.7,9.4,9.4,9,8.8,9,9.4,9.1,9.4,9.5,10.3,10.6,11,11.8,12,11.8,11.9,11.1,10.6,10.3,10.3,10.6,10.7,10.5,10.9,10.6,..
Eswatini,SWZ,"Birth rate, crude (per 1,000 people)",SP.DYN.CBRT.IN,38.946,38.132,37.364,36.601,35.837,35.083,34.361,33.704,33.137,32.669,32.318,32.1,31.998,31.979,32.008,32.022,31.957,31.77,31.442,30.972,30.39,29.747,29.111,28.53,28.021,27.579,27.176,26.773,26.342,25.881,..
Ethiopia,ETH,"Birth rate, crude (per 1,000 people)",SP.DYN.CBRT.IN,47.479,47.188,46.932,46.701,46.482,46.245,45.95,45.564,45.067,44.454,43.728,42.902,42.012,41.097,40.186,39.307,38.485,37.726,37.035,36.414,35.861,35.369,34.916,34.483,34.059,33.635,33.207,32.775,32.339,31.896,..
Faroe Islands,FRO,"Birth rate, crude (per 1,000 people)",SP.DYN.CBRT.IN,19.9,18.3,17.2,16.6,15,14.8,15.5,15.1,14,13.9,15.1,13.6,15,14.7,14.8,14.7,13.7,14,13.8,12.6,13.2,12,12.9,13,13.2,12.4,13.6,13.1,13.4,13.2,..
Fiji,FJI,"Birth rate, crude (per 1,000 people)",SP.DYN.CBRT.IN,28.888,28.538,28.183,27.793,27.362,26.898,26.418,25.948,25.509,25.107,24.738,24.393,24.058,23.725,23.399,23.094,22.827,22.613,22.456,22.353,22.292,22.259,22.23,22.185,22.108,21.983,21.799,21.56,21.277,20.954,..
Finland,FIN,"Birth rate, crude (per 1,000 people)",SP.DYN.CBRT.IN,13.1,13,13.2,12.8,12.8,12.3,11.8,11.5,11.1,11.1,11,10.8,10.7,10.9,11,11,11.2,11.1,11.2,11.3,11.4,11.1,11,10.7,10.5,10.1,9.6,9.1,8.6,8.3,..
France,FRA,"Birth rate, crude (per 1,000 people)",SP.DYN.CBRT.IN,13.4,13.2,13.1,13,12.5,12.8,12.8,12.7,12.8,12.9,13.3,13.1,12.9,12.8,12.8,12.8,13.1,12.8,12.9,12.8,12.9,12.7,12.6,12.4,12.4,12,11.8,11.5,11.3,11.2,..
French Polynesia,PYF,"Birth rate, crude (per 1,000 people)",SP.DYN.CBRT.IN,28.411,27.528,26.558,25.558,24.568,23.626,22.763,21.984,21.29,20.687,20.172,19.732,19.342,18.98,18.636,18.301,17.975,17.662,17.365,17.079,16.801,16.53,16.263,15.998,15.736,15.473,15.209,14.946,14.684,14.427,..
Gabon,GAB,"Birth rate, crude (per 1,000 people)",SP.DYN.CBRT.IN,37.481,37.203,36.873,36.492,36.069,35.613,35.134,34.651,34.183,33.751,33.377,33.08,32.865,32.728,32.668,32.678,32.751,32.863,32.99,33.11,33.206,33.265,33.281,33.242,33.132,32.927,32.604,32.161,31.611,30.968,..
"Gambia, The",GMB,"Birth rate, crude (per 1,000 people)",SP.DYN.CBRT.IN,46.981,46.738,46.399,45.986,45.515,45.009,44.489,43.978,43.497,43.061,42.682,42.366,42.101,41.875,41.683,41.52,41.381,41.259,41.142,41.02,40.881,40.716,40.522,40.295,40.029,39.719,39.363,38.967,38.535,38.073,..
Georgia,GEO,"Birth rate, crude (per 1,000 people)",SP.DYN.CBRT.IN,17.261,16.737,16.162,15.562,14.957,14.366,13.8,13.269,12.788,12.376,12.063,11.875,11.815,11.875,12.043,12.3,12.62,12.968,13.309,13.615,13.861,14.036,14.142,14.186,14.165,14.078,13.925,13.718,13.472,13.2,..
Germany,DEU,"Birth rate, crude (per 1,000 people)",SP.DYN.CBRT.IN,11.4,10.4,10,9.8,9.5,9.4,9.7,9.9,9.6,9.4,9.3,8.9,8.7,8.6,8.6,8.3,8.2,8.3,8.3,8.1,8.3,8.3,8.4,8.5,8.8,9,9.6,9.5,9.5,9.4,..
Ghana,GHA,"Birth rate, crude (per 1,000 people)",SP.DYN.CBRT.IN,40.038,39.54,39.053,38.594,38.168,37.77,37.382,36.986,36.567,36.126,35.671,35.214,34.772,34.358,33.979,33.64,33.345,33.084,32.846,32.619,32.385,32.127,31.834,31.5,31.125,30.714,30.28,29.839,29.407,28.992,..
Gibraltar,GIB,"Birth rate, crude (per 1,000 people)",SP.DYN.CBRT.IN,..,..,..,..,..,..,..,..,..,..,..,..,..,..,..,..,..,..,..,..,..,..,..,..,..,..,..,..,..,..,..
Greece,GRC,"Birth rate, crude (per 1,000 people)",SP.DYN.CBRT.IN,10,9.9,10,9.7,9.9,9.6,9.5,9.6,9.4,9.4,9.6,9.4,9.5,9.6,9.6,9.8,10.2,10.1,10.7,10.6,10.3,9.6,9.1,8.6,8.5,8.5,8.6,8.2,8.1,7.8,..
Greenland,GRL,"Birth rate, crude (per 1,000 people)",SP.DYN.CBRT.IN,22.6,21.5,22.4,21.4,20.5,19.7,18.8,19.6,17.5,16.8,15.6,16.7,16.9,15.5,15.7,15.6,14.8,15.1,14.8,15.9,15.3,14.4,13.9,14.5,14.3,15.2,14.8,15.2,14.6,15.1,..
Grenada,GRD,"Birth rate, crude (per 1,000 people)",SP.DYN.CBRT.IN,28.31,26.899,25.485,24.146,22.935,21.882,20.987,20.213,19.531,18.939,18.444,18.054,17.77,17.583,17.479,17.438,17.441,17.468,17.497,17.512,17.501,17.461,17.398,17.315,17.209,17.074,16.905,16.701,16.465,16.198,..
Guam,GUM,"Birth rate, crude (per 1,000 people)",SP.DYN.CBRT.IN,25.615,25.055,24.526,24.076,23.718,23.439,23.206,22.967,22.684,22.343,21.936,21.466,20.957,20.435,19.918,19.426,18.982,18.594,18.265,17.998,17.784,17.611,17.459,17.311,17.161,17.007,16.854,16.71,16.579,16.46,..
Guatemala,GTM,"Birth rate, crude (per 1,000 people)",SP.DYN.CBRT.IN,38.984,38.816,38.642,38.419,38.129,37.767,37.344,36.883,36.401,35.893,35.341,34.716,34.006,33.212,32.35,31.454,30.562,29.716,28.946,28.269,27.688,27.197,26.766,26.369,25.992,25.627,25.267,24.912,24.561,24.21,..
Guinea,GIN,"Birth rate, crude (per 1,000 people)",SP.DYN.CBRT.IN,48.103,47.82,47.497,47.142,46.761,46.362,45.948,45.523,45.089,44.651,44.21,43.766,43.318,42.866,42.411,41.956,41.501,41.048,40.598,40.153,39.713,39.278,38.848,38.422,38,37.583,37.171,36.765,36.364,35.965,..
Guinea-Bissau,GNB,"Birth rate, crude (per 1,000 people)",SP.DYN.CBRT.IN,46.71,46.2,45.685,45.148,44.597,44.047,43.516,43.021,42.572,42.174,41.828,41.529,41.262,41.01,40.765,40.518,40.264,40,39.722,39.421,39.089,38.714,38.298,37.841,37.346,36.819,36.265,35.697,35.125,34.559,..
Guyana,GUY,"Birth rate, crude (per 1,000 people)",SP.DYN.CBRT.IN,28.24,28.214,28.204,28.16,28.056,27.867,27.58,27.208,26.766,26.262,25.704,25.101,24.47,23.836,23.223,22.664,22.188,21.804,21.513,21.309,21.176,21.088,21.011,20.918,20.793,20.629,20.427,20.202,19.967,19.723,..
Haiti,HTI,"Birth rate, crude (per 1,000 people)",SP.DYN.CBRT.IN,37.257,36.57,35.935,35.331,34.757,34.211,33.691,33.191,32.707,32.236,31.777,31.328,30.891,30.465,30.048,29.638,29.235,28.838,28.443,28.048,27.651,27.248,26.839,26.423,26.002,25.581,25.162,24.75,24.349,23.959,..
Honduras,HND,"Birth rate, crude (per 1,000 people)",SP.DYN.CBRT.IN,38.484,38.094,37.755,37.45,37.156,36.835,36.445,35.959,35.361,34.647,33.829,32.927,31.981,31.029,30.092,29.181,28.297,27.432,26.588,25.777,25.02,24.336,23.737,23.223,22.792,22.433,22.13,21.859,21.599,21.337,..
"Hong Kong SAR, China",HKG,"Birth rate, crude (per 1,000 people)",SP.DYN.CBRT.IN,12,12,12.3,12,11.9,11.2,9.9,9.1,8.1,7.8,8.1,7.2,7.1,6.9,7.2,8.4,9.6,10.2,11.3,11.8,12.6,13.5,12.8,8,8.6,8.2,8.3,7.7,7.2,7,..
Hungary,HUN,"Birth rate, crude (per 1,000 people)",SP.DYN.CBRT.IN,12.1,12.3,11.7,11.3,11.2,10.8,10.2,9.8,9.5,9.2,9.6,9.5,9.5,9.3,9.4,9.7,9.9,9.7,9.9,9.6,9,8.8,9.1,9,9.5,9.4,9.7,9.7,9.6,9.5,..
Iceland,ISL,"Birth rate, crude (per 1,000 people)",SP.DYN.CBRT.IN,18.7,17.6,17.7,17.5,16.7,16,16.1,15.3,15.2,14.8,15.3,14.4,14.1,14.3,14.5,14.4,14.5,14.6,15.2,15.8,15.4,14.1,14.1,13.4,13.4,12.5,12,11.9,12,12.3,..
India,IND,"Birth rate, crude (per 1,000 people)",SP.DYN.CBRT.IN,31.517,30.924,30.348,29.792,29.258,28.749,28.262,27.789,27.324,26.861,26.401,25.944,25.489,25.034,24.571,24.087,23.564,22.996,22.39,21.755,21.114,20.495,19.923,19.416,18.984,18.625,18.332,18.083,17.857,17.644,..
Indonesia,IDN,"Birth rate, crude (per 1,000 people)",SP.DYN.CBRT.IN,25.813,25.189,24.581,23.983,23.406,22.877,22.435,22.103,21.89,21.788,21.773,21.812,21.86,21.88,21.852,21.765,21.624,21.448,21.251,21.034,20.795,20.526,20.225,19.893,19.537,19.165,18.79,18.422,18.072,17.746,..
"Iran, Islamic Rep.",IRN,"Birth rate, crude (per 1,000 people)",SP.DYN.CBRT.IN,32.183,29.823,27.542,25.419,23.52,21.9,20.581,19.528,18.7,18.081,17.654,17.398,17.278,17.259,17.309,17.401,17.52,17.663,17.823,17.986,18.154,18.335,18.533,18.739,18.93,19.066,19.102,19.011,18.783,18.42,..
Iraq,IRQ,"Birth rate, crude (per 1,000 people)",SP.DYN.CBRT.IN,37.755,37.557,37.376,37.219,37.083,36.953,36.808,36.63,36.407,36.136,35.821,35.47,35.104,34.742,34.396,34.092,33.854,33.681,33.558,33.464,33.349,33.152,32.834,32.378,31.791,31.109,30.388,29.693,29.075,28.556,..
Ireland,IRL,"Birth rate, crude (per 1,000 people)",SP.DYN.CBRT.IN,15.1,14.9,14.4,13.8,13.4,13.5,13.9,14.4,14.5,14.4,14.4,15,15.4,15.4,15.2,14.8,15.3,16.2,16.7,16.7,16.5,16.2,15.6,14.9,14.4,13.9,13.4,12.9,12.5,12.1,..
Isle of Man,IMN,"Birth rate, crude (per 1,000 people)",SP.DYN.CBRT.IN,..,12.8,12.2,..,13.7,..,11.6,..,..,..,..,..,11.4,..,..,11.4,..,11.4,..,..,..,..,..,..,..,..,..,..,..,..,..
Israel,ISR,"Birth rate, crude (per 1,000 people)",SP.DYN.CBRT.IN,22.2,21.4,21.5,21.3,21.2,21.1,21.3,21.4,21.9,21.5,21.7,21.2,21.2,21.7,21.3,20.8,21,21.1,21.5,21.5,21.8,21.4,21.6,21.3,21.5,21.3,21.2,21.1,20.8,20.1,..
Italy,ITA,"Birth rate, crude (per 1,000 people)",SP.DYN.CBRT.IN,10,9.9,10,9.7,9.4,9.2,9.3,9.4,9.4,9.4,9.5,9.4,9.4,9.5,9.8,9.6,9.6,9.7,9.8,9.6,9.5,9.2,9,8.5,8.3,8,7.8,7.6,7.3,7,..
Jamaica,JAM,"Birth rate, crude (per 1,000 people)",SP.DYN.CBRT.IN,25.33,24.967,24.634,24.315,24.001,23.672,23.304,22.887,22.42,21.908,21.372,20.838,20.334,19.881,19.485,19.144,18.845,18.566,18.291,18.016,17.742,17.478,17.233,17.012,16.814,16.633,16.46,16.286,16.103,15.907,..
Japan,JPN,"Birth rate, crude (per 1,000 people)",SP.DYN.CBRT.IN,10,9.9,9.8,9.6,10,9.54,9.6,9.5,9.6,9.3,9.4,9.3,9.3,9.2,8.69,8.41,8.65,8.63,8.7,8.5,8.5,8.3,8.2,8.2,8,8,7.8,7.6,7.4,7,..
Jordan,JOR,"Birth rate, crude (per 1,000 people)",SP.DYN.CBRT.IN,35.287,34.98,34.672,34.336,33.961,33.554,33.131,32.72,32.342,32.003,31.709,31.462,31.248,31.047,30.844,30.617,30.348,30.021,29.624,29.145,28.564,27.862,27.05,26.157,25.214,24.274,23.396,22.622,21.979,21.477,..
Kazakhstan,KAZ,"Birth rate, crude (per 1,000 people)",SP.DYN.CBRT.IN,22.18,21.53,20.54,19.26,18.93,17.46,16.25,15.15,14.75,14.57,14.92,14.91,15.29,16.63,18.19,18.42,19.71,20.79,22.75,22.14,22.53,22.51,22.7,22.73,23.1,22.71,22.52,21.64,21.77,21.73,..
Kenya,KEN,"Birth rate, crude (per 1,000 people)",SP.DYN.CBRT.IN,42.56,41.698,41.015,40.542,40.28,40.196,40.226,40.282,40.289,40.212,40.037,39.777,39.468,39.135,38.773,38.366,37.89,37.33,36.678,35.942,35.128,34.249,33.333,32.415,31.522,30.688,29.943,29.296,28.748,28.298,..
Kiribati,KIR,"Birth rate, crude (per 1,000 people)",SP.DYN.CBRT.IN,36.719,36.293,35.756,35.126,34.429,33.696,32.961,32.255,31.609,31.044,30.579,30.219,29.947,29.745,29.604,29.521,29.492,29.503,29.54,29.581,29.605,29.592,29.531,29.413,29.23,28.98,28.663,28.294,27.887,27.453,..
"Korea, Dem. People's Rep.",PRK,"Birth rate, crude (per 1,000 people)",SP.DYN.CBRT.IN,20.657,20.651,20.609,20.499,20.308,20.034,19.686,19.289,18.866,18.426,17.973,17.502,17.011,16.508,16.006,15.527,15.092,14.717,14.411,14.179,14.021,13.933,13.895,13.888,13.897,13.91,13.916,13.91,13.89,13.848,..
"Korea, Rep.",KOR,"Birth rate, crude (per 1,000 people)",SP.DYN.CBRT.IN,15.2,16.4,16.7,16,16,15.7,15,14.5,13.7,13.2,13.5,11.7,10.3,10.2,9.8,9,9.2,10.1,9.4,9,9.4,9.4,9.6,8.6,8.6,8.6,7.9,7,6.4,5.9,..
Kosovo,XKX,"Birth rate, crude (per 1,000 people)",SP.DYN.CBRT.IN,29.7,27.6,23.1,22.5,21.8,22.2,22.5,20.7,21.3,22.8,22.9,21.9,20.9,18.4,20.1,21,19.2,19.3,19,18.7,18.5,18.2,17.8,17.5,17.2,16.9,16.6,16.2,15.9,15.6,..
Kuwait,KWT,"Birth rate, crude (per 1,000 people)",SP.DYN.CBRT.IN,23.225,22.041,21.341,21.129,21.358,21.885,22.504,23.008,23.248,23.173,22.817,22.294,21.77,21.365,21.103,20.962,20.878,20.751,20.509,20.129,19.61,18.972,18.265,17.537,16.807,16.086,15.369,14.651,13.939,13.251,..
Kyrgyz Republic,KGZ,"Birth rate, crude (per 1,000 people)",SP.DYN.CBRT.IN,29.1,28.8,28.2,25.7,24.3,25.6,23.2,21.6,21.7,21.5,19.8,19.8,20.2,20.9,21.5,21.3,23.1,23.4,23.9,25.2,26.8,27.1,27.6,27.2,27.7,27.4,26,24.8,27.1,26.9,..
Lao PDR,LAO,"Birth rate, crude (per 1,000 people)",SP.DYN.CBRT.IN,42.902,42.418,41.712,40.792,39.68,38.417,37.056,35.669,34.327,33.082,31.985,31.067,30.314,29.7,29.21,28.811,28.46,28.115,27.743,27.329,26.875,26.399,25.932,25.496,25.091,24.71,24.337,23.955,23.549,23.117,..
Latvia,LVA,"Birth rate, crude (per 1,000 people)",SP.DYN.CBRT.IN,14.2,13.1,12.1,10.4,9.6,8.7,8.1,7.7,7.6,8.1,8.6,8.4,8.7,9.2,9.1,9.8,10.3,10.9,11.2,10.3,9.4,9.1,9.8,10.2,10.9,11.1,11.2,10.7,10,9.8,..
Lebanon,LBN,"Birth rate, crude (per 1,000 people)",SP.DYN.CBRT.IN,27.338,27.282,27.125,26.835,26.397,25.795,25.032,24.143,23.173,22.156,21.119,20.083,19.071,18.119,17.269,16.579,16.105,15.858,15.825,15.982,16.281,16.662,17.049,17.38,17.617,17.737,17.744,17.67,17.545,17.377,..
Lesotho,LSO,"Birth rate, crude (per 1,000 people)",SP.DYN.CBRT.IN,35.013,34.2,33.443,32.759,32.163,31.682,31.332,31.107,30.986,30.947,30.952,30.96,30.935,30.851,30.695,30.469,30.188,29.887,29.59,29.306,29.042,28.797,28.559,28.318,28.068,27.799,27.501,27.17,26.808,26.415,..
Liberia,LBR,"Birth rate, crude (per 1,000 people)",SP.DYN.CBRT.IN,45.364,44.931,44.576,44.306,44.115,43.982,43.871,43.737,43.544,43.273,42.914,42.468,41.958,41.406,40.821,40.213,39.588,38.95,38.309,37.674,37.053,36.451,35.872,35.316,34.789,34.297,33.843,33.426,33.042,32.687,..
Libya,LBY,"Birth rate, crude (per 1,000 people)",SP.DYN.CBRT.IN,29.381,28.236,27.127,26.092,25.153,24.322,23.601,22.975,22.435,21.982,21.626,21.381,21.246,21.211,21.256,21.363,21.511,21.672,21.816,21.912,21.928,21.837,21.638,21.336,20.94,20.465,19.935,19.38,18.829,18.3,..
Liechtenstein,LIE,"Birth rate, crude (per 1,000 people)",SP.DYN.CBRT.IN,13.2,14.2,12.7,13.8,11.7,13.8,13.1,13.9,12.6,12.4,12.9,12.1,11.7,10.2,10.8,11,10.3,10,9.9,11.4,9.1,10.9,9.7,9.2,10,8.7,10,8.9,9.9,9.2,..
Lithuania,LTU,"Birth rate, crude (per 1,000 people)",SP.DYN.CBRT.IN,15.4,15.1,14.7,12.9,11.6,11.4,10.8,10.6,10.4,10.3,9.8,9,8.6,8.8,8.8,8.9,9.1,9.3,9.9,10.2,9.9,10,10.2,10.1,10.4,10.8,10.7,10.1,10,9.8,..
Luxembourg,LUX,"Birth rate, crude (per 1,000 people)",SP.DYN.CBRT.IN,12.9,12.9,13.1,13.5,13.5,13.3,13.7,13.1,12.7,13,13.1,12.4,12,11.7,11.9,11.5,11.7,11.4,11.5,11.3,11.6,10.9,11.3,11.3,10.9,10.7,10.4,10.4,10.3,10,..
"Macao SAR, China",MAC,"Birth rate, crude (per 1,000 people)",SP.DYN.CBRT.IN,18.972,17.574,16.195,14.91,13.771,12.789,11.931,11.133,10.356,9.61,8.93,8.363,7.951,7.72,7.674,7.812,8.122,8.555,9.06,9.591,10.1,10.544,10.904,11.165,11.317,11.36,11.31,11.2,11.058,10.894,..
Madagascar,MDG,"Birth rate, crude (per 1,000 people)",SP.DYN.CBRT.IN,44.339,44.284,44.21,44.104,43.95,43.725,43.409,42.998,42.498,41.918,41.275,40.591,39.893,39.206,38.547,37.923,37.334,36.769,36.222,35.697,35.204,34.753,34.348,33.989,33.673,33.392,33.138,32.897,32.657,32.408,..
Malawi,MWI,"Birth rate, crude (per 1,000 people)",SP.DYN.CBRT.IN,47.939,47.13,46.369,45.711,45.18,44.78,44.495,44.276,44.084,43.901,43.727,43.574,43.446,43.336,43.217,43.046,42.77,42.361,41.807,41.111,40.292,39.383,38.436,37.506,36.629,35.839,35.163,34.593,34.118,33.73,..
Malaysia,MYS,"Birth rate, crude (per 1,000 people)",SP.DYN.CBRT.IN,28.096,27.758,27.422,27.063,26.662,26.179,25.571,24.827,23.959,22.993,21.98,20.983,20.066,19.276,18.639,18.164,17.839,17.619,17.461,17.345,17.258,17.19,17.142,17.106,17.071,17.024,16.957,16.867,16.752,16.608,..
Maldives,MDV,"Birth rate, crude (per 1,000 people)",SP.DYN.CBRT.IN,41.126,39.137,36.991,34.747,32.474,30.239,28.099,26.094,24.271,22.68,21.385,20.439,19.823,19.492,19.398,19.471,19.629,19.787,19.865,19.812,19.585,19.168,18.603,17.939,17.2,16.421,15.641,14.891,14.199,13.584,..
Mali,MLI,"Birth rate, crude (per 1,000 people)",SP.DYN.CBRT.IN,48.769,48.805,48.837,48.852,48.847,48.826,48.801,48.783,48.776,48.779,48.784,48.785,48.767,48.714,48.613,48.444,48.191,47.853,47.434,46.939,46.379,45.769,45.129,44.482,43.843,43.226,42.638,42.078,41.543,41.035,..
Malta,MLT,"Birth rate, crude (per 1,000 people)",SP.DYN.CBRT.IN,15.2,14.6,14.9,13.9,12.9,12.2,13.3,12.7,12.1,11.4,11.3,10.1,9.9,10.2,9.7,9.6,9.3,9.3,9.8,9.8,9.4,10,9.8,9.5,9.6,9.7,9.8,9.2,9.2,8.6,..
Marshall Islands,MHL,"Birth rate, crude (per 1,000 people)",SP.DYN.CBRT.IN,..,..,..,..,..,..,26.1,..,..,41.8,..,..,..,..,..,35,35,35,..,..,..,29,..,..,..,..,..,..,..,..,..
Mauritania,MRT,"Birth rate, crude (per 1,000 people)",SP.DYN.CBRT.IN,40.212,39.87,39.558,39.286,39.056,38.865,38.706,38.564,38.427,38.287,38.14,37.984,37.824,37.66,37.492,37.325,37.161,37.003,36.845,36.683,36.502,36.288,36.032,35.729,35.381,34.991,34.569,34.132,33.694,33.262,..
Mauritius,MUS,"Birth rate, crude (per 1,000 people)",SP.DYN.CBRT.IN,21.3,20.7,21.1,20.3,19.6,18.3,18.3,17.4,16.7,17.3,17,16.5,16.6,15.9,15.7,15.3,14.3,13.7,13.2,12.3,12,11.7,11.5,10.9,10.6,10.1,10.4,10.7,10.2,10.2,..
Mexico,MEX,"Birth rate, crude (per 1,000 people)",SP.DYN.CBRT.IN,28.802,28.24,27.681,27.134,26.604,26.096,25.611,25.148,24.702,24.272,23.85,23.43,23.009,22.584,22.158,21.741,21.343,20.973,20.635,20.327,20.042,19.766,19.488,19.198,18.892,18.573,18.245,17.918,17.602,17.297,..
"Micronesia, Fed. Sts.",FSM,"Birth rate, crude (per 1,000 people)",SP.DYN.CBRT.IN,34.028,33.529,33.12,32.772,32.466,32.172,31.852,31.481,31.037,30.514,29.908,29.227,28.502,27.765,27.042,26.36,25.747,25.211,24.758,24.388,24.098,23.871,23.686,23.521,23.365,23.213,23.069,22.937,22.82,22.712,..
Moldova,MDA,"Birth rate, crude (per 1,000 people)",SP.DYN.CBRT.IN,18.574,17.53,16.52,15.607,14.821,14.153,13.565,13.001,12.426,11.847,11.298,10.832,10.494,10.305,10.263,10.345,10.51,10.704,10.878,11.003,11.062,11.049,10.984,10.886,10.759,10.609,10.445,10.274,10.1,9.93,..
Monaco,MCO,"Birth rate, crude (per 1,000 people)",SP.DYN.CBRT.IN,..,..,..,..,..,..,..,..,..,..,..,..,..,..,25,..,..,..,..,..,..,..,..,..,..,8.1,7.8,..,5.9,..,..
Mongolia,MNG,"Birth rate, crude (per 1,000 people)",SP.DYN.CBRT.IN,32.224,30.439,28.619,26.872,25.265,23.841,22.605,21.532,20.608,19.853,19.307,19.009,18.969,19.176,19.606,20.237,21.041,21.958,22.916,23.843,24.665,25.318,25.776,26.026,26.053,25.849,25.425,24.833,24.131,23.361,..
Montenegro,MNE,"Birth rate, crude (per 1,000 people)",SP.DYN.CBRT.IN,16.487,16.182,15.864,15.532,15.193,14.86,14.547,14.268,14.029,13.836,13.688,13.584,13.511,13.453,13.4,13.333,13.235,13.1,12.93,12.729,12.513,12.305,12.125,11.987,11.893,11.837,11.804,11.775,11.732,11.671,..
Morocco,MAR,"Birth rate, crude (per 1,000 people)",SP.DYN.CBRT.IN,29.241,28.439,27.638,26.817,25.981,25.155,24.375,23.677,23.085,22.607,22.236,21.953,21.727,21.533,21.361,21.218,21.123,21.086,21.105,21.158,21.21,21.214,21.139,20.964,20.684,20.31,19.868,19.399,18.937,18.5,..
Mozambique,MOZ,"Birth rate, crude (per 1,000 people)",SP.DYN.CBRT.IN,44.842,44.91,44.988,45.049,45.078,45.074,45.045,45.001,44.947,44.876,44.769,44.607,44.375,44.067,43.687,43.243,42.751,42.234,41.713,41.203,40.715,40.254,39.816,39.396,38.993,38.607,38.236,37.876,37.52,37.166,..
Myanmar,MMR,"Birth rate, crude (per 1,000 people)",SP.DYN.CBRT.IN,27.486,26.855,26.325,25.889,25.541,25.277,25.089,24.954,24.844,24.733,24.588,24.377,24.089,23.72,23.271,22.746,22.16,21.542,20.925,20.33,19.782,19.301,18.889,18.544,18.264,18.041,17.861,17.703,17.552,17.397,..
Namibia,NAM,"Birth rate, crude (per 1,000 people)",SP.DYN.CBRT.IN,37.795,37.241,36.659,36.056,35.432,34.773,34.056,33.28,32.465,31.641,30.866,30.208,29.71,29.398,29.273,29.321,29.508,29.769,30.041,30.28,30.448,30.52,30.499,30.391,30.192,29.904,29.534,29.105,28.639,28.152,..
Nauru,NRU,"Birth rate, crude (per 1,000 people)",SP.DYN.CBRT.IN,..,..,..,..,..,..,..,..,..,..,..,..,..,..,..,..,..,..,..,..,..,..,..,..,..,..,..,..,..,..,..
Nepal,NPL,"Birth rate, crude (per 1,000 people)",SP.DYN.CBRT.IN,38.458,38.005,37.542,37.062,36.553,35.985,35.321,34.542,33.645,32.64,31.547,30.398,29.236,28.105,27.037,26.061,25.196,24.434,23.767,23.189,22.692,22.262,21.879,21.523,21.18,20.844,20.515,20.196,19.887,19.578,..
Netherlands,NLD,"Birth rate, crude (per 1,000 people)",SP.DYN.CBRT.IN,13.2,13.2,13,12.8,12.7,12.3,12.2,12.3,12.7,12.7,13,12.6,12.5,12.3,11.9,11.5,11.3,11.1,11.2,11.2,11.1,10.8,10.5,10.2,10.4,10.1,10.1,9.9,9.8,9.7,..
New Caledonia,NCL,"Birth rate, crude (per 1,000 people)",SP.DYN.CBRT.IN,25.6,25.7,24.5,23.5,22.5,21.9,22.3,22.3,21.2,20.6,21.4,19.9,18.9,18.2,17.4,17.4,17.9,17.1,16.5,16.7,16.7,16.2,16.9,16.6,16.3,15.4,15.4,14.5,14.2,14,..
New Zealand,NZL,"Birth rate, crude (per 1,000 people)",SP.DYN.CBRT.IN,17.5,17.4,17.28,16.53,15.95,15.77,15.34,15.23,14.51,14.87,14.66,14.36,13.67,13.94,14.2,13.96,14.14,15.15,15.1,14.53,14.68,14,13.87,13.2,12.67,13.23,12.6,12.38,11.84,11.96,..
Nicaragua,NIC,"Birth rate, crude (per 1,000 people)",SP.DYN.CBRT.IN,35.865,34.923,33.974,33.007,32.031,31.063,30.124,29.238,28.424,27.693,27.054,26.508,26.04,25.635,25.279,24.961,24.67,24.395,24.125,23.849,23.558,23.249,22.924,22.585,22.231,21.859,21.468,21.06,20.641,20.215,..
Niger,NER,"Birth rate, crude (per 1,000 people)",SP.DYN.CBRT.IN,55.485,55.351,55.218,55.074,54.914,54.734,54.534,54.314,54.076,53.82,53.541,53.24,52.915,52.568,52.202,51.82,51.428,51.029,50.625,50.217,49.802,49.374,48.929,48.466,47.988,47.502,47.017,46.54,46.079,45.637,..
Nigeria,NGA,"Birth rate, crude (per 1,000 people)",SP.DYN.CBRT.IN,44.265,44.044,43.853,43.69,43.556,43.449,43.369,43.308,43.259,43.211,43.156,43.083,42.989,42.868,42.717,42.537,42.333,42.111,41.874,41.62,41.341,41.025,40.668,40.267,39.828,39.359,38.873,38.384,37.905,37.446,..
North Macedonia,MKD,"Birth rate, crude (per 1,000 people)",SP.DYN.CBRT.IN,17.724,17.28,16.802,16.289,15.749,15.2,14.666,14.168,13.721,13.333,12.995,12.692,12.406,12.125,11.849,11.594,11.379,11.223,11.131,11.099,11.114,11.156,11.2,11.224,11.215,11.166,11.075,10.953,10.811,10.653,..
Northern Mariana Islands,MNP,"Birth rate, crude (per 1,000 people)",SP.DYN.CBRT.IN,..,..,..,..,..,..,..,..,..,..,..,..,..,..,..,..,..,..,..,..,..,..,..,..,20.5,..,..,..,..,..,..
Norway,NOR,"Birth rate, crude (per 1,000 people)",SP.DYN.CBRT.IN,14.4,14.3,14,13.8,13.9,13.8,13.9,13.6,13.2,13.3,13.2,12.6,12.2,12.4,12.4,12.3,12.6,12.4,12.7,12.8,12.6,12.2,12,11.6,11.5,11.3,11.3,10.7,10.4,10.2,..
Oman,OMN,"Birth rate, crude (per 1,000 people)",SP.DYN.CBRT.IN,38.282,36.395,34.549,32.803,31.196,29.743,28.432,27.225,26.1,25.063,24.139,23.361,22.747,22.299,22.004,21.838,21.77,21.757,21.757,21.737,21.676,21.57,21.424,21.24,21.005,20.697,20.292,19.786,19.189,18.513,..
Pakistan,PAK,"Birth rate, crude (per 1,000 people)",SP.DYN.CBRT.IN,41.222,40.784,40.267,39.687,39.053,38.375,37.66,36.919,36.168,35.424,34.703,34.019,33.376,32.781,32.239,31.755,31.332,30.96,30.631,30.339,30.082,29.86,29.667,29.491,29.318,29.124,28.888,28.599,28.25,27.841,..
Palau,PLW,"Birth rate, crude (per 1,000 people)",SP.DYN.CBRT.IN,21.6,22.3,23.6,21.7,22.3,23.2,20.2,18.3,15.1,13.2,14.5,15.3,13,15.4,12.6,14,12,13.8,14.5,13.3,11.9,11.8,15.3,13,13.7,13.7,12,12.4,14,11.2,..
Panama,PAN,"Birth rate, crude (per 1,000 people)",SP.DYN.CBRT.IN,26.255,25.891,25.562,25.272,25.016,24.781,24.55,24.308,24.044,23.758,23.452,23.139,22.832,22.543,22.278,22.04,21.83,21.64,21.46,21.285,21.102,20.902,20.678,20.429,20.155,19.863,19.562,19.263,18.976,18.705,..
Papua New Guinea,PNG,"Birth rate, crude (per 1,000 people)",SP.DYN.CBRT.IN,34.813,34.644,34.558,34.534,34.55,34.577,34.581,34.539,34.432,34.25,33.993,33.671,33.31,32.93,32.539,32.142,31.734,31.313,30.876,30.431,29.985,29.546,29.123,28.721,28.344,27.993,27.669,27.364,27.073,26.793,..
Paraguay,PRY,"Birth rate, crude (per 1,000 people)",SP.DYN.CBRT.IN,33.489,32.881,32.279,31.689,31.109,30.524,29.907,29.237,28.513,27.746,26.968,26.219,25.534,24.94,24.444,24.038,23.701,23.397,23.1,22.799,22.492,22.189,21.904,21.646,21.413,21.198,20.993,20.787,20.571,20.341,..
Peru,PER,"Birth rate, crude (per 1,000 people)",SP.DYN.CBRT.IN,30.677,29.929,29.136,28.316,27.486,26.667,25.877,25.132,24.448,23.839,23.328,22.935,22.65,22.453,22.32,22.204,22.052,21.828,21.512,21.103,20.621,20.109,19.617,19.185,18.827,18.544,18.323,18.134,17.949,17.756,..
Philippines,PHL,"Birth rate, crude (per 1,000 people)",SP.DYN.CBRT.IN,33.02,32.587,32.162,31.754,31.369,31.016,30.7,30.415,30.148,29.887,29.606,29.279,28.89,28.436,27.922,27.372,26.823,26.307,25.841,25.422,25.024,24.602,24.12,23.562,22.935,22.273,21.623,21.036,20.546,20.166,..
Poland,POL,"Birth rate, crude (per 1,000 people)",SP.DYN.CBRT.IN,14.4,14.3,13.4,12.9,12.5,11.2,11.1,10.7,10.2,9.9,9.9,9.6,9.3,9.2,9.3,9.5,9.8,10.2,10.9,10.9,10.9,10.2,10.1,9.7,9.9,9.7,10.1,10.6,10.2,9.9,..
Portugal,PRT,"Birth rate, crude (per 1,000 people)",SP.DYN.CBRT.IN,11.7,11.7,11.5,11.4,10.9,10.7,11,11.2,11.2,11.4,11.7,10.9,11,10.8,10.4,10.4,10,9.7,9.9,9.4,9.6,9.2,8.5,7.9,7.9,8.3,8.4,8.4,8.5,8.4,..
Puerto Rico,PRI,"Birth rate, crude (per 1,000 people)",SP.DYN.CBRT.IN,18.5,18.1,17.8,17.9,17.5,17,16.9,16.2,15.7,15.6,15.59,14.59,13.7,13.1,13.16,12.96,12.41,11.86,11.79,11.72,11.3,11.1,10.6,10.1,9.7,9,8.3,7.3,6.7,6.4,..
Qatar,QAT,"Birth rate, crude (per 1,000 people)",SP.DYN.CBRT.IN,22.509,21.826,21.324,20.938,20.635,20.391,20.191,20.013,19.829,19.599,19.267,18.774,18.11,17.287,16.331,15.297,14.258,13.289,12.449,11.767,11.25,10.884,10.614,10.396,10.208,10.033,9.862,9.698,9.541,9.385,..
Romania,ROU,"Birth rate, crude (per 1,000 people)",SP.DYN.CBRT.IN,13.6,12,11.4,11,10.9,10.4,10.2,10.5,10.5,10.4,10.4,10,9.7,9.8,10.1,10.4,10.4,10.3,10.8,10.9,10.5,9.7,10,9.4,10,10.2,10.4,10.8,10.4,9.6,..
Russian Federation,RUS,"Birth rate, crude (per 1,000 people)",SP.DYN.CBRT.IN,13.4,12.1,10.7,9.4,9.5,9.3,8.9,8.6,8.8,8.3,9.8,10,10.5,11.1,11.2,11,11.4,12.9,13.7,13.9,14,14.1,14.7,14.5,14.4,12.8,12.2,11.2,10.7,9.8,..
Rwanda,RWA,"Birth rate, crude (per 1,000 people)",SP.DYN.CBRT.IN,47.283,46.326,45.419,44.576,43.802,43.089,42.41,41.736,41.049,40.35,39.657,39,38.406,37.885,37.432,37.02,36.611,36.169,35.678,35.137,34.576,34.038,33.563,33.173,32.863,32.604,32.353,32.062,31.696,31.249,..
Samoa,WSM,"Birth rate, crude (per 1,000 people)",SP.DYN.CBRT.IN,33.127,32.75,32.437,32.192,32.007,31.854,31.698,31.505,31.256,30.952,30.616,30.29,30.01,29.794,29.638,29.51,29.367,29.162,28.867,28.476,28.001,27.464,26.909,26.372,25.874,25.427,25.036,24.689,24.378,24.1,..
San Marino,SMR,"Birth rate, crude (per 1,000 people)",SP.DYN.CBRT.IN,..,..,..,..,..,..,..,..,..,..,..,..,..,..,10.4,9.5,10,9.4,11,10.7,10.3,10,8.7,9.7,9.1,8.2,7.9,6.7,6.8,6.7,..
Sao Tome and Principe,STP,"Birth rate, crude (per 1,000 people)",SP.DYN.CBRT.IN,40.053,39.897,39.75,39.618,39.508,39.431,39.402,39.418,39.468,39.534,39.589,39.602,39.545,39.401,39.157,38.808,38.358,37.831,37.251,36.636,36.003,35.363,34.726,34.103,33.508,32.95,32.437,31.967,31.538,31.152,..
Saudi Arabia,SAU,"Birth rate, crude (per 1,000 people)",SP.DYN.CBRT.IN,35.799,34.779,33.738,32.671,31.593,30.529,29.514,28.577,27.736,27.002,26.375,25.85,25.398,24.991,24.61,24.236,23.854,23.458,23.043,22.599,22.123,21.613,21.078,20.528,19.969,19.41,18.858,18.319,17.798,17.297,..
Senegal,SEN,"Birth rate, crude (per 1,000 people)",SP.DYN.CBRT.IN,42.678,42.228,41.827,41.457,41.109,40.776,40.449,40.129,39.818,39.519,39.246,39.014,38.834,38.707,38.626,38.583,38.566,38.553,38.519,38.446,38.306,38.077,37.757,37.352,36.867,36.318,35.727,35.12,34.523,33.952,..
Serbia,SRB,"Birth rate, crude (per 1,000 people)",SP.DYN.CBRT.IN,..,11.9,..,..,..,11.3,10.8,10.49,10.09,9.6,9.8,10.5,10.4,10.6,10.5,9.7,9.58,9.22,9.4,9.6,9.4,9.1,9.3,9.2,9.3,9.3,9.2,9.2,9.2,9.3,..
Seychelles,SYC,"Birth rate, crude (per 1,000 people)",SP.DYN.CBRT.IN,23.1,24.2,22.6,23.4,22.9,21,21.1,19.1,17.9,18.2,18.6,17.7,17.7,18.1,17.4,18.5,17.3,17.6,17.8,18.1,16.8,18.6,18.6,17.4,17,17,17.4,17.2,17.1,16.4,..
Sierra Leone,SLE,"Birth rate, crude (per 1,000 people)",SP.DYN.CBRT.IN,46.558,46.394,46.212,46.006,45.774,45.52,45.25,44.97,44.682,44.383,44.073,43.749,43.402,43.023,42.604,42.126,41.573,40.941,40.236,39.473,38.675,37.872,37.092,36.356,35.677,35.055,34.483,33.939,33.406,32.879,..
Singapore,SGP,"Birth rate, crude (per 1,000 people)",SP.DYN.CBRT.IN,18.2,17.1,16.8,16.8,16.2,15.6,15.2,14.5,13.1,12.8,13.7,11.8,11.4,10.5,10.3,10.2,10.3,10.3,10.2,9.9,9.3,9.5,10.1,9.3,9.8,9.7,9.4,8.9,8.8,8.8,..
Sint Maarten (Dutch part),SXM,"Birth rate, crude (per 1,000 people)",SP.DYN.CBRT.IN,..,..,..,..,..,..,..,..,..,..,..,..,..,..,..,12.8,13.7,11.7,13,12.5,13.1,12.9,12,14,14.1,..,..,9,..,..,..
Slovak Republic,SVK,"Birth rate, crude (per 1,000 people)",SP.DYN.CBRT.IN,15.1,14.8,14.1,13.8,12.4,11.5,11.2,11,10.7,10.4,10.2,9.5,9.5,9.6,10,10.1,10,10.1,10.7,11.4,11.2,11.3,10.3,10.1,10.2,10.3,10.6,10.7,10.6,10.5,..
Slovenia,SVN,"Birth rate, crude (per 1,000 people)",SP.DYN.CBRT.IN,11.2,10.8,10,9.9,9.8,9.5,9.4,9.1,9,8.8,9.1,8.8,8.8,8.7,9,9.1,9.4,9.8,10.8,10.7,10.9,10.7,10.7,10.2,10.3,10,9.9,9.8,9.4,9.3,..
Solomon Islands,SLB,"Birth rate, crude (per 1,000 people)",SP.DYN.CBRT.IN,39.989,39.523,39.018,38.495,37.969,37.458,36.982,36.552,36.173,35.848,35.569,35.318,35.079,34.841,34.604,34.382,34.197,34.065,33.99,33.962,33.965,33.974,33.959,33.895,33.766,33.556,33.255,32.877,32.439,31.956,..
Somalia,SOM,"Birth rate, crude (per 1,000 people)",SP.DYN.CBRT.IN,48.505,49.005,49.446,49.817,50.1,50.264,50.283,50.154,49.888,49.501,49.024,48.496,47.955,47.434,46.949,46.497,46.062,45.616,45.146,44.656,44.162,43.688,43.254,42.877,42.561,42.303,42.096,41.919,41.753,41.585,..
South Africa,ZAF,"Birth rate, crude (per 1,000 people)",SP.DYN.CBRT.IN,30.312,29.194,28.095,27.055,26.107,25.276,24.572,23.983,23.499,23.119,22.854,22.715,22.692,22.763,22.902,23.073,23.238,23.367,23.433,23.417,23.305,23.097,22.815,22.483,22.113,21.719,21.314,20.908,20.51,20.129,..
South Sudan,SSD,"Birth rate, crude (per 1,000 people)",SP.DYN.CBRT.IN,47.406,47.128,46.807,46.462,46.096,45.703,45.27,44.786,44.253,43.679,43.081,42.483,41.904,41.359,40.855,40.389,39.952,39.525,39.096,38.66,38.219,37.776,37.34,36.918,36.509,36.116,35.738,35.37,35.01,34.653,..
Spain,ESP,"Birth rate, crude (per 1,000 people)",SP.DYN.CBRT.IN,10.3,10.2,10.1,9.8,9.4,9.1,9.1,9.2,9.1,9.4,9.8,9.9,10.1,10.4,10.6,10.6,10.8,10.9,11.3,10.6,10.4,10.1,9.7,9.1,9.2,9,8.8,8.4,7.9,7.6,..
Sri Lanka,LKA,"Birth rate, crude (per 1,000 people)",SP.DYN.CBRT.IN,20.624,20.212,19.853,19.527,19.231,18.971,18.759,18.604,18.508,18.464,18.463,18.492,18.535,18.574,18.592,18.576,18.513,18.404,18.252,18.061,17.838,17.594,17.343,17.093,16.849,16.609,16.364,16.106,15.831,15.544,..
St. Kitts and Nevis,KNA,"Birth rate, crude (per 1,000 people)",SP.DYN.CBRT.IN,..,..,21.5,..,..,19.4,19.7,20.5,..,..,..,17.3,17.3,..,..,..,..,..,..,..,..,..,..,..,12.6,..,..,..,..,..,..
St. Lucia,LCA,"Birth rate, crude (per 1,000 people)",SP.DYN.CBRT.IN,28.288,27.475,26.642,25.796,24.933,24.034,23.07,22.033,20.93,19.787,18.647,17.562,16.58,15.733,15.037,14.493,14.083,13.766,13.505,13.28,13.08,12.901,12.747,12.618,12.502,12.389,12.271,12.143,12,11.839,..
St. Martin (French part),MAF,"Birth rate, crude (per 1,000 people)",SP.DYN.CBRT.IN,24.9,23.8,22.2,20.7,20.1,19.5,18.9,18.4,17.9,17.6,17.4,17.3,17.3,17.3,17.4,17.4,17.4,17.3,17.2,17,16.8,16.6,16.3,16,15.7,15.5,15.2,15,14.7,14.5,..
St. Vincent and the Grenadines,VCT,"Birth rate, crude (per 1,000 people)",SP.DYN.CBRT.IN,24.843,24.466,24.087,23.683,23.246,22.765,22.238,21.678,21.103,20.525,19.963,19.44,18.965,18.545,18.177,17.851,17.547,17.245,16.929,16.597,16.252,15.907,15.578,15.278,15.011,14.78,14.58,14.403,14.24,14.087,..
Sudan,SDN,"Birth rate, crude (per 1,000 people)",SP.DYN.CBRT.IN,41.809,41.693,41.57,41.418,41.227,40.993,40.725,40.438,40.145,39.847,39.54,39.22,38.88,38.515,38.126,37.713,37.281,36.835,36.382,35.927,35.475,35.027,34.586,34.152,33.728,33.318,32.923,32.542,32.177,31.826,..
Suriname,SUR,"Birth rate, crude (per 1,000 people)",SP.DYN.CBRT.IN,27.954,27.578,27.166,26.718,26.246,25.764,25.294,24.85,24.442,24.073,23.735,23.414,23.091,22.755,22.404,22.044,21.687,21.346,21.032,20.746,20.485,20.243,20.009,19.775,19.537,19.292,19.042,18.791,18.542,18.295,..
Sweden,SWE,"Birth rate, crude (per 1,000 people)",SP.DYN.CBRT.IN,14.5,14.4,14.2,13.5,12.8,11.7,10.8,10.2,10.1,10,10.2,10.3,10.7,11.1,11.2,11.2,11.7,11.7,11.9,12,12.3,11.8,11.9,11.8,11.9,11.7,11.8,11.5,11.4,11.1,..
Switzerland,CHE,"Birth rate, crude (per 1,000 people)",SP.DYN.CBRT.IN,12.5,12.7,12.6,12.1,11.9,11.7,11.7,11.4,11.1,11,10.9,10,9.9,9.8,9.9,9.8,9.8,9.9,10,10.1,10.3,10.2,10.3,10.2,10.4,10.5,10.5,10.3,10.3,10,..
Syrian Arab Republic,SYR,"Birth rate, crude (per 1,000 people)",SP.DYN.CBRT.IN,35.875,34.961,34.188,33.57,33.108,32.772,32.512,32.27,32.002,31.693,31.363,31.052,30.797,30.614,30.487,30.363,30.178,29.876,29.43,28.842,28.145,27.398,26.67,26.01,25.438,24.95,24.525,24.115,23.685,23.22,..
Tajikistan,TJK,"Birth rate, crude (per 1,000 people)",SP.DYN.CBRT.IN,40.557,39.447,38.267,37.093,35.971,34.925,33.95,33.023,32.14,31.326,30.624,30.081,29.721,29.552,29.565,29.742,30.056,30.452,30.873,31.276,31.627,31.906,32.109,32.228,32.241,32.115,31.822,31.364,30.761,30.038,..
Tanzania,TZA,"Birth rate, crude (per 1,000 people)",SP.DYN.CBRT.IN,43.986,43.642,43.285,42.93,42.592,42.289,42.041,41.854,41.73,41.663,41.648,41.673,41.718,41.755,41.764,41.716,41.587,41.371,41.071,40.693,40.249,39.763,39.262,38.77,38.302,37.866,37.461,37.075,36.7,36.336,..
Thailand,THA,"Birth rate, crude (per 1,000 people)",SP.DYN.CBRT.IN,19.222,18.766,18.318,17.863,17.396,16.913,16.417,15.92,15.433,14.965,14.524,14.118,13.751,13.423,13.131,12.87,12.632,12.407,12.188,11.971,11.757,11.548,11.351,11.169,10.999,10.836,10.676,10.513,10.344,10.168,..
Timor-Leste,TLS,"Birth rate, crude (per 1,000 people)",SP.DYN.CBRT.IN,41.933,42.113,42.152,42.019,41.717,41.299,40.843,40.422,40.077,39.803,39.547,39.223,38.749,38.077,37.208,36.164,34.994,33.786,32.627,31.574,30.694,30.041,29.606,29.363,29.285,29.32,29.399,29.453,29.424,29.284,..
Togo,TGO,"Birth rate, crude (per 1,000 people)",SP.DYN.CBRT.IN,41.585,41.031,40.564,40.194,39.926,39.762,39.695,39.697,39.737,39.791,39.833,39.842,39.805,39.714,39.555,39.321,39.007,38.626,38.193,37.717,37.207,36.673,36.125,35.574,35.032,34.51,34.016,33.55,33.113,32.707,..
Tonga,TON,"Birth rate, crude (per 1,000 people)",SP.DYN.CBRT.IN,31.341,31.206,31.008,30.695,30.267,29.762,29.248,28.804,28.482,28.299,28.248,28.302,28.404,28.498,28.555,28.547,28.458,28.293,28.063,27.77,27.421,27.027,26.606,26.178,25.756,25.354,24.977,24.626,24.303,24.01,..
Trinidad and Tobago,TTO,"Birth rate, crude (per 1,000 people)",SP.DYN.CBRT.IN,20.72,19.612,18.593,17.666,16.851,16.17,15.635,15.236,14.96,14.793,14.724,14.739,14.815,14.927,15.049,15.161,15.246,15.301,15.32,15.291,15.206,15.059,14.858,14.611,14.325,14.007,13.662,13.302,12.937,12.578,..
Tunisia,TUN,"Birth rate, crude (per 1,000 people)",SP.DYN.CBRT.IN,25.975,24.751,23.557,22.432,21.401,20.479,19.668,18.949,18.311,17.759,17.297,16.934,16.672,16.511,16.448,16.494,16.664,16.947,17.316,17.734,18.149,18.506,18.763,18.892,18.874,18.707,18.405,18.01,17.564,17.089,..
Turkey,TUR,"Birth rate, crude (per 1,000 people)",SP.DYN.CBRT.IN,25.865,25.249,24.728,24.283,23.9,23.553,23.219,22.874,22.506,22.105,21.672,21.219,20.764,20.325,19.91,19.521,19.161,18.824,18.505,18.203,17.918,17.651,17.402,17.166,16.94,16.718,16.494,16.264,16.027,15.782,..
Turkmenistan,TKM,"Birth rate, crude (per 1,000 people)",SP.DYN.CBRT.IN,35.465,34.542,33.349,31.95,30.413,28.84,27.347,26.026,24.943,24.137,23.601,23.286,23.106,22.996,22.939,22.968,23.146,23.507,24.047,24.712,25.405,26.005,26.412,26.558,26.418,26.005,25.37,24.615,23.831,23.066,..
Turks and Caicos Islands,TCA,"Birth rate, crude (per 1,000 people)",SP.DYN.CBRT.IN,..,..,..,..,..,..,..,..,..,..,..,..,..,..,..,..,..,..,..,..,..,..,..,..,..,..,..,..,..,..,..
Tuvalu,TUV,"Birth rate, crude (per 1,000 people)",SP.DYN.CBRT.IN,..,..,..,..,..,..,..,..,..,..,..,..,..,..,..,..,..,..,..,..,..,..,..,..,..,..,..,..,..,..,..
Uganda,UGA,"Birth rate, crude (per 1,000 people)",SP.DYN.CBRT.IN,49.855,49.862,49.844,49.796,49.716,49.603,49.455,49.276,49.07,48.837,48.584,48.318,48.04,47.748,47.438,47.101,46.728,46.308,45.834,45.299,44.693,44.007,43.248,42.428,41.564,40.68,39.8,38.947,38.135,37.377,..
Ukraine,UKR,"Birth rate, crude (per 1,000 people)",SP.DYN.CBRT.IN,12.6,12.1,11.4,10.7,10,9.6,9.2,8.7,8.4,7.8,7.8,7.7,8.1,8.5,9,9,9.8,10.2,11,11.1,10.8,11,11.4,11.1,10.8,10.7,10.3,9.4,8.7,8.1,..
United Arab Emirates,ARE,"Birth rate, crude (per 1,000 people)",SP.DYN.CBRT.IN,25.984,24.828,23.631,22.437,21.282,20.21,19.253,18.41,17.675,17.043,16.494,15.996,15.514,15.024,14.518,14.001,13.49,13.01,12.581,12.208,11.888,11.616,11.377,11.159,10.958,10.772,10.603,10.456,10.331,10.223,..
United Kingdom,GBR,"Birth rate, crude (per 1,000 people)",SP.DYN.CBRT.IN,13.9,13.8,13.6,13.2,13,12.6,12.6,12.5,12.3,11.9,11.5,11.3,11.3,11.7,11.9,12,12.3,12.6,12.9,12.7,12.9,12.8,12.8,12.1,12,11.9,11.8,11.4,11,10.7,..
United States,USA,"Birth rate, crude (per 1,000 people)",SP.DYN.CBRT.IN,16.7,16.2,15.8,15.4,15,14.6,14.4,14.2,14.3,14.2,14.4,14.1,14,14.1,14,14,14.3,14.3,14,13.5,13,12.7,12.6,12.4,12.5,12.4,12.2,11.8,11.6,11.4,..
Uruguay,URY,"Birth rate, crude (per 1,000 people)",SP.DYN.CBRT.IN,18.294,18.258,18.169,18.029,17.837,17.604,17.344,17.075,16.814,16.566,16.329,16.095,15.853,15.6,15.34,15.087,14.856,14.661,14.51,14.402,14.332,14.291,14.263,14.233,14.192,14.134,14.057,13.963,13.857,13.74,..
Uzbekistan,UZB,"Birth rate, crude (per 1,000 people)",SP.DYN.CBRT.IN,33.7,34.5,33.1,31.5,29.4,29.8,27.3,25.5,23.4,22.4,21.4,20.5,21.1,19.9,20.9,20.4,21,22.7,23.7,23.4,22,21.2,21,22.5,23.3,23.5,22.8,22.1,23.3,24.3,..
Vanuatu,VUT,"Birth rate, crude (per 1,000 people)",SP.DYN.CBRT.IN,36.084,35.828,35.555,35.262,34.951,34.632,34.319,34.029,33.774,33.558,33.384,33.25,33.144,33.054,32.971,32.887,32.797,32.696,32.578,32.437,32.262,32.048,31.794,31.502,31.174,30.814,30.424,30.015,29.595,29.175,..
"Venezuela, RB",VEN,"Birth rate, crude (per 1,000 people)",SP.DYN.CBRT.IN,28.703,28.109,27.507,26.922,26.368,25.854,25.384,24.949,24.541,24.159,23.8,23.461,23.137,22.825,22.519,22.22,21.928,21.642,21.36,21.078,20.786,20.474,20.137,19.775,19.394,19.002,18.61,18.232,17.881,17.566,..
Vietnam,VNM,"Birth rate, crude (per 1,000 people)",SP.DYN.CBRT.IN,28.561,27.79,26.804,25.618,24.273,22.842,21.421,20.106,18.976,18.075,17.429,17.031,16.82,16.734,16.74,16.805,16.903,17.017,17.129,17.221,17.282,17.316,17.331,17.333,17.315,17.259,17.15,16.979,16.745,16.454,..
Virgin Islands (U.S.),VIR,"Birth rate, crude (per 1,000 people)",SP.DYN.CBRT.IN,21.4,21.1,22,20.9,19.8,18.7,17.6,17.2,18,16.1,14.4,13.1,15.1,14,14.5,14.8,13.2,16.4,15.8,15.3,14.8,13.8,13.1,13.1,13.2,13.2,13,12.8,12.6,12.3,..
West Bank and Gaza,PSE,"Birth rate, crude (per 1,000 people)",SP.DYN.CBRT.IN,45.22,44.86,44.5,44.14,43.78,43.42,43.06,42.7,42.1,41.4,40.9,40.2,39.6,38.8,38.1,37.3,36.7,35.855,33.903,33.754,33.564,33.291,32.921,32.45,31.885,31.246,30.572,29.905,29.282,28.717,..
"Yemen, Rep.",YEM,"Birth rate, crude (per 1,000 people)",SP.DYN.CBRT.IN,52.621,51.72,50.578,49.224,47.704,46.095,44.49,42.977,41.623,40.466,39.517,38.754,38.111,37.532,36.996,36.491,36.021,35.591,35.201,34.834,34.472,34.091,33.68,33.229,32.735,32.197,31.627,31.04,30.453,29.873,..
Zambia,ZMB,"Birth rate, crude (per 1,000 people)",SP.DYN.CBRT.IN,45.725,45.578,45.46,45.376,45.324,45.302,45.307,45.325,45.338,45.328,45.271,45.143,44.935,44.642,44.268,43.823,43.327,42.803,42.272,41.738,41.194,40.62,40.002,39.339,38.645,37.95,37.292,36.699,36.192,35.776,..
Zimbabwe,ZWE,"Birth rate, crude (per 1,000 people)",SP.DYN.CBRT.IN,36.218,35.309,34.459,33.705,33.067,32.56,32.185,31.926,31.77,31.717,31.776,31.963,32.274,32.694,33.196,33.764,34.384,35.021,35.624,36.134,36.464,36.526,36.292,35.768,34.978,33.981,32.864,31.732,30.676,29.747,..
,,,,,,,,,,,,,,,,,,,,,,,,,,,,,,,,,,
,,,,,,,,,,,,,,,,,,,,,,,,,,,,,,,,,,
,,,,,,,,,,,,,,,,,,,,,,,,,,,,,,,,,,
Data from database: World Development Indicators,,,,,,,,,,,,,,,,,,,,,,,,,,,,,,,,,,
Last Updated: 11/23/2021,,,,,,,,,,,,,,,,,,,,,,,,,,,,,,,,,,